https://github.com/SideShowBoBGOT/RwLock,26,22
https://github.com/SideShowBoBGOT/NBUCurrencyTracker,43,43
https://github.com/SideShowBoBGOT/CppFuse,80,87
https://github.com/SideShowBoBGOT/mcts_checkers,31,31
https://github.com/SideShowBoBGOT/FlaskProject,50,49
https://github.com/SideShowBoBGOT/FunctionalProgrammingHaskell,51,45
https://github.com/SideShowBoBGOT/network_programming_eighth_semester,66,67
https://github.com/SideShowBoBGOT/SystemProgrammingFourthSemester,57,55
https://github.com/SideShowBoBGOT/PetriObjModelPaint,80,82
https://github.com/SideShowBoBGOT/ConsoleChess,49,47
https://github.com/SideShowBoBGOT/CPong,36,31
https://github.com/SideShowBoBGOT/SideShowBoBGOT.github.io,36,34
https://github.com/SideShowBoBGOT/software_security_seventh_semester,57,59
https://github.com/SideShowBoBGOT/MultithreadedProgrammingSixthSemester,57,59